{
  "S2_B11": 3068.105224609375,
  "S2_B12": 2629.78662109375,
  "S2_cloud_pct": 5.684907913208008,
  "S2_solar_azimuth": 153.40817260742188,
  "S2_solar_zenith": 39.452125549316406,
  "NDWI_from_S2": -0.15289367735385895,
  "GCI_from_S2": 0.36097872257232666,
  "SAVI_L50": 0.185328409075737,
  "MSAVI2": 0.219970703125,
  "GNDVI": 0.15289366245269775,
  "GRVI": 1.3609787225723267,
  "NDRE": 0.04685980826616287,
  "NBR": 0.1892654001712799,
  "ratio_B8_B2": 1.4918967485427856,
  "ratio_B12_B8": 0.681710422039032,
  "NDVI_from_S2_NDWI_from_S2_diff": 0.27767860889434814,
  "NDVI_from_S2_NDWI_diff": 0.27767860889434814,
  "NDVI_NDWI_from_S2_diff": 0.27767860889434814,
  "NDVI_NDWI_diff": 0.27767860889434814,
  "NDVI_from_S2_sqrt": 0.35151195526123047,
  "NDWI_from_S2_squared": 0.023376476019620895,
  "NDWI_from_S2_cubed": -0.003574115689843893,
  "NDWI_from_S2_normalized": 0.3831523060798645,
  "SAVI_from_S2_log": 0.17001986503601074,
  "MSAVI_from_S2_log": 0.1987888664007187,
  "MSAVI_from_S2_normalized": -0.37652212381362915,
  "RECI_from_S2_log": 0.16004088521003723,
  "EVI2_log": 0.17515534162521362,
  "EVI2_cubed": 0.007015178445726633,
  "EVI2_normalized": -0.42337745428085327,
  "SAVI_L25_cubed": 0.0036840580869466066,
  "SAVI_L50_log": 0.17001987993717194,
  "SAVI_L50_cubed": 0.006365404464304447,
  "SAVI_L75_sqrt": 0.4649833142757416,
  "NDVI_log": 0.1165028065443039,
  "NDVI_cubed": 0.001886429963633418,
  "NDVI_normalized": -0.41031786799430847,
  "NDWI_squared": 0.023376476019620895,
  "NDWI_cubed": -0.0035741152241826057,
  "NDWI_normalized": 0.38315242528915405
}