{"Model":{"0":"RandomForest","1":"XGBoost","2":"LightGBM","3":"CatBoost"},"Accuracy":{"0":0.7411347518,"1":0.7304964539,"2":0.719858156,"3":0.7127659574},"F1":{"0":0.7371428571,"1":0.7134831461,"2":0.7158469945,"3":0.7682926829},"ROC_AUC":{"0":0.8016196368,"1":0.7874352397,"2":0.7821035159,"3":0.8086615361}}