{"Model":{"0":"RandomForest","1":"XGBoost","2":"LightGBM","3":"CatBoost"},"Accuracy":{"0":0.7411347518,"1":0.7269503546,"2":0.7375886525,"3":0.7056737589},"F1":{"0":0.7262569832,"1":0.6935483871,"2":0.7065217391,"3":0.7393939394},"ROC_AUC":{"0":0.8093154268,"1":0.768673608,"2":0.7762185001,"3":0.8194255822}}