{
  "best_thr_acc": 0.6075000000000002,
  "best_thr_f1": 0.21000000000000002
}